{"BMI": {"mean": 28.382363607694735, "std": 6.608694201406008}, "Age": {"mean": 8.032119205298013, "std": 3.054220434168484}, "MentHlth": {"min": 0.0, "max": 30.0}, "PhysHlth": {"min": 0.0, "max": 30.0}, "GenHlth": {"min": 1.0, "max": 5.0}, "Education": {"min": 1.0, "max": 6.0}, "Income": {"min": 1.0, "max": 8.0}}