{
    "BMI": {
        "mean": 28.371866130558182,
        "std": 6.612385100700121
    },
    "Age": {
        "mean": 8.03282678965626,
        "std": 3.0530858361231012
    },
    "MentHlth": {
        "min": 0.0,
        "max": 30.0
    },
    "PhysHlth": {
        "min": 0.0,
        "max": 30.0
    },
    "GenHlth": {
        "min": 1.0,
        "max": 5.0
    },
    "Education": {
        "min": 1.0,
        "max": 6.0
    },
    "Income": {
        "min": 1.0,
        "max": 8.0
    }
}